id,name,slug,song_count,reading
1,Mrs. GREEN APPLE,mrs-green-apple,111,みせすぐりーんあっぷる
2,Official髭男dism,official-higedan-dism,85,おふぃしゃるひげだんでぃずむ
3,back number,back-number,105,ばっくなんばー
4,Ado,ado,33,あど
5,YOASOBI,yoasobi,21,よあそび
6,King Gnu,king-gnu,41,きんぐぬー
7,米津玄師,yonezu-kenshi,86,よねづけんし
8,Saucy Dog,saucy-dog,49,さうしーどっぐ
9,優里,yuuri,30,ゆうり
10,Vaundy,vaundy,38,ばうんでぃ
11,Eve,eve,39,いぶ
12,マカロニえんぴつ,macaroni-empitsu,41,まかろにえんぴつ
13,GReeeeN,greeeen,89,ぐりーん
14,ヨルシカ,yorushika,53,よるしか
15,RADWIMPS,radwimps,51,らっどうぃんぷす
16,sumika,sumika,28,すみか
17,ずっと真夜中でいいのに。,zutto-mayonaka-de-iinoni,33,ずっとまよなかでいいのに
18,あいみょん,aimyon,46,あいみょん
19,Novelbright,novelbright,22,のーべるぶらいと
20,星野源,hoshino-gen,31,ほしのげん
21,Mr.Children,mr-children,88,みすたーちるどれん
22,スピッツ,spitz,68,すぴっつ
23,SEKAI NO OWARI,sekai-no-owari,38,せかいのおわり
24,BUMP OF CHICKEN,bump-of-chicken,101,ばんぷおぶちきん
25,My Hair is Bad,my-hair-is-bad,30,まいへあーいずばっど
26,ONE OK ROCK,one-ok-rock,43,わんおくろっく
27,藤井風,fujii-kaze,27,ふじいかぜ
28,まふまふ,mafumafu,15,まふまふ
29,キタニタツヤ,kitanitatsuya,16,きたにたつや
30,LiSA,lisa,19,りさ
31,Creepy Nuts,creepy-nuts,16,くりーぴーなっつ
32,クリープハイプ,creephyp,32,くりーぷはいぷ
33,川崎鷹也,kawasaki-takaya,10,かわさきたかや
34,UVERworld,uverworld,57,うーばーわーるど
35,Aimer,aimer,16,えめ
36,[Alexandros],alexandros,43,あれきさんどろす
38,Aqua Timez,aqua-timez,26,あくあたいむず
39,Acid Black Cherry,acid-black-cherry,25,あしっどぶらっくちぇりー
43,indigo la End,indigo-la-end,78,いんでぃごらえんど
44,嵐,arashi,36,あらし
45,幾田りら,ikutalila,10,いくたりら
46,アンダーグラフ,undergraph,11,あんだーぐらふ
47,赤西仁,akanishi-jin,4,あかにしじん
48,ORANGE RANGE,orange-range,14,おれんじれんじ
49,家入レオ,ieiri-reo,14,いえいりれお
50,奥華子,oku-hanako,13,おくはなこ
51,宇多田ヒカル,utada-hikaru,18,うただひかる
54,小田和正,oda-kazumasa,20,おだかずまさ
55,オレンジスパイニクラブ,orangespinycrab,4,おれんじすぱいにくらぶ
56,w-inds.,w-inds,13,うぃんず
57,ATSUSHI,atsushi,12,あつし
58,大橋卓弥,oohashi-takuya,5,おおはしたくや
59,いきものがかり,ikimono-gakari,29,いきものがかり
60,絢香,ayaka,15,あやか
62,HY,hy,14,えいちわい
63,EGOIST,egoist,10,えごいすと
64,秋山黄色,akiyama-kiiro,13,あきやまきいろ
65,アイビーカラー,ibe-caller,10,あいびーからー
66,大塚愛,ootsuka-ai,13,おおつかあい
67,amazarashi,amazarashi,19,あまざらし
68,Uru,uru,14,うる
69,瑛人,eito,4,えいと
70,おいしくるメロンパン,oisiclemelonpan,8,おいしくるめろんぱん
71,ET-KING,et-king,10,いーてぃーきんぐ
72,Absolute area,absolute-area,3,あぶそりゅーとえりあ
73,aiko,aiko,17,あいこ
74,Awesome City Club,awesome-city-club,4,おーさむしてぃくらぶ
75,androp,androp,10,あんどろっぷ
76,雨のパレード,amenoparade,10,あめのぱれーど
77,大森元貴,ohmori-motoki,10,おおもりもとき
78,エレファントカシマシ,elephant-kashimashi,16,えれふぁんとかしまし
79,X JAPAN,x-japan,14,えっくすじゃぱん
80,Ayase,ayase,5,あやせ
81,大原櫻子,ohara-sakurako,7,おおはらさくらこ
82,安室奈美恵,amuro-namie,10,あむろなみえ
83,Omoinotake,omoinotake,13,おもいのたけ
84,ASIAN KUNG-FU GENERATION,asian-kung-fu-generation,19,あじあんかんふーじぇねれーしょん
85,AKASAKI,akasaki,4,あかさき
86,尾崎豊,ozaki-yutaka,7,おざきゆたか
87,石崎ひゅーい,ishizakihuwie,5,いしざきひゅーい
88,井上陽水,inoue-yosui,7,いのうえようすい
89,ano,ano,6,あの
90,＝LOVE,equal-love,8,いこーるらぶ
91,青山テルマ,aoyama-thelma,4,あおやまてるま
92,伊藤由奈,ito-yuna,6,いとうゆな
93,アンジェラ・アキ,angela-aki,4,あんじぇらあき
94,小野正利,ono-masatoshi,5,おのまさとし
95,稲垣潤一,inagaki-junichi,2,いながきじゅんいち
97,ケツメイシ,ketsumeishi,21,けつめいし
99,コブクロ,kobukuro,34,こぶくろ
100,関ジャニ∞,kanjani,15,かんじゃにえいと
101,神様、僕は気づいてしまった,kamiboku,11,かみさまぼくはきづいてしまった
102,神はサイコロを振らない,kamisai,11,かみはさいころをふらない
103,GLAY,glay,42,ぐれい
105,Galileo Galilei,galileo-galilei,16,がりれおがりれい
106,Kiroro,kiroro,21,きろろ
107,KinKi Kids,kinki-kids,12,きんききっず
108,ClariS,claris,21,くらりす
109,CUTIE STREET,cutie-street,7,きゅーてぃーすとりーと
111,クリス・ハート,chris-hart,12,くりすはーと
112,桑田佳祐,kuwata-keisuke,25,くわたけいすけ
113,久保田利伸,kubota-toshinobu,4,くぼたとしのぶ
114,くるり,quruli,14,くるり
115,KANA-BOON,kana-boon,12,かなぶーん
117,キュウソネコカミ,kyusonekokami,22,きゅうそねこかみ
119,神山羊,kamiyama-you,4,かみやまよう
120,コレサワ,koresawa,11,これさわ
121,こっちのけんと,kocchi-no-kento,4,こっちのけんと
122,郷ひろみ,gou-hiromi,4,ごうひろみ
123,倖田來未,kodakumi,7,こうだくみ
125,桐谷健太,kiritani-kenta,1,きりたにけんた
126,海援隊,kaientai,6,かいえんたい
127,CANDY TUNE,candy-tune,5,きゃんでぃちゅーん
128,銀杏BOYZ,gingnangboyz,7,ぎんなんぼーいず
129,ゴールデンボンバー,goldenbomber,7,ごーるでんぼんばー
131,クリスタルキング,crystalking,2,くりすたるきんぐ
132,スキマスイッチ,sukimaswitch,47,すきますいっち
133,SMAP,smap,23,すまっぷ
134,菅田将暉,suda-masaki,22,すだまさき
135,SunSet Swish,sunset-swish,9,さんせっとすうぃっしゅ
137,サカナクション,sakanaction,34,さかなくしょん
138,Superfly,superfly,16,すーぱーふらい
139,サスケ,sasuke,10,さすけ
140,サザンオールスターズ,southern-all-stars,18,さざんおーるすたーず
141,supercell,supercell,16,すーぱーせる
142,シド,shido,21,しど
144,SPYAIR,spyair,19,すぱいえあー
145,椎名林檎,shiina-ringo,13,しいなりんご
146,ジェニーハイ,genie-high,2,じぇにーはい
148,Sonar Pocket,sonar-pocket,12,そなーぽけっと
149,清水翔太,shimizu-shota,24,しみずしょうた
151,湘南乃風,shonan-no-kaze,12,しょうなんのかぜ
152,斉藤和義,saitou-kazuyoshi,8,さいとうかずよし
153,JUJU,juju,15,じゅじゅ
154,SPiCYSOL,spicysol,4,すぱいしーそる
155,純烈,junretsu,3,じゅんれつ
156,Suchmos,suchmos,5,さちもす
157,須田景凪,suda-keina,12,すだけいな
158,さユり,sayuri,11,さゆり
161,THE YELLOW MONKEY,the-yellow-monkey,13,ざいえろーもんきー
162,the shes gone,the-shes-gone,11,ざしーずごーん
163,女王蜂,ziyoou-vachi,12,じょおうばち
164,水曜日のカンパネラ,wed-camp,5,すいようびのかんぱねら
165,鈴木伸之,suzuki-nobuyuki,1,すずきのぶゆき
166,相対性理論,soutaiseiriron,4,そうたいせいりろん
167,SPEED,speed,5,すぴーど
168,サンボマスター,sambo-master,11,さんぼますたー
169,シャ乱Q,sharanq,4,しゃらんきゅう
170,THE BLUE HEARTS,the-blue-hearts,5,ざぶるーはーつ
171,ささきいさお,sasaki-isao,5,ささきいさお
172,坂本九,sakamoto-kyu,2,さかもときゅう
173,猿岩石,saruganseki,1,さるがんせき
174,SixTONES,sixtones,8,すとーんず
175,DA PUMP,da-pump,12,だぱんぷ
176,橘慶太,tachibana-keita,10,たちばなけいた
177,高橋優,takahashi-yu,22,たかはしゆう
178,高橋洋子,takahashi-youko,11,たかはしようこ
179,TK from 凛として時雨,tk-from-ling-tosite-sigure,15,てぃーけーふろむりんとしてしぐれ
180,玉置浩二,tamaki-kouji,13,たまきこうじ
181,ドリーミング,dreaming,15,どりーみんぐ
182,Da-iCE,da-ice,15,だいす
183,DISH//,dish,15,でぃっしゅ
184,DREAMS COME TRUE,dreams-come-true,10,どりーむずかむとぅるー
185,DOES,does,9,だず
186,AAA,aaa,16,とりぷるえー
187,Tani Yuuki,tani-yuuki,19,たにゆうき
188,ツユ,tuyu,13,つゆ
189,TOOBOE,tooboe,6,とおぼえ
190,CHiCO with HoneyWorks,chico-with-honeyworks,6,ちこうぃずはにーわーくす
191,tuki.,tuki,5,つき
192,DEEN,deen,4,でぃーん
193,手嶌葵,teshima-aoi,3,てしまあおい
194,徳永英明,tokunaga-hideaki,3,とくながひであき
195,DEEP,deep,4,でぃーぷ
196,寺尾聰,terao-akira,5,てらおあきら
197,舘ひろし,tachi-hiroshi,3,たちひろし
198,千綿ヒデノリ,chiwata-hidenori,2,ちわたひでのり
199,TOKIO,tokio,7,ときお
200,長渕剛,nagabuchi-tsuyoshi,20,ながぶちつよし
201,中西保志,nakanishi-yasushi,12,なかにしやすし
202,NEWS,news,20,にゅーす
203,西野カナ,nishino-kana,23,にしのかな
205,中島美嘉,nakashima-mika,12,なかしまみか
206,Number_i,number-i,5,なんばーあい
207,NiziU,niziu,10,にじゅー
208,なとり,natori,10,なとり
209,中島みゆき,nakajima-miyuki,8,なかじまみゆき
210,にしな,nishina,10,にしな
211,夏川りみ,natsukawa-rimi,10,なつかわりみ
212,新浜レオン,niihama-leon,5,にいはまれおん
213,西田敏行,nishida-toshiyuki,1,にしだとしゆき
214,中川翔子,nakagawashoko,5,なかがわしょうこ
216,flumpool,flumpool,25,ふらんぷーる
219,秦基博,hata-motohiro,27,はたもとひろ
220,ハジ→,haji,20,はじ
221,ポルノグラフィティ,porno-graffitti,43,ぽるのぐらふぃてぃ
222,一青窈,hitoto-you,9,ひととよう
223,Hilcrhyme,hilcrhyme,34,ひるくらいむ
225,浜崎あゆみ,hamasaki-ayumi,6,はまさきあゆみ
226,Whiteberry,whiteberry,11,ほわいとべりー
228,福山雅治,fukuyama-masaharu,24,ふくやままさはる
229,whiteeeen,whiteeeen,13,ほわいてぃーん
230,FUNKY MONKEY BABYS,funky-monkey-babys,16,ふぁんきーもんきーべいびーず
231,平井堅,hirai-ken,26,ひらいけん
232,フレデリック,frederic,25,ふれでりっく
233,04 Limited Sazabys,04-limited-sazabys,24,ふぉーりみてっどさざびーず
234,B’z,bz,38,びーず
235,BTS,bts,11,びーてぃーえす
236,ハルカミライ,harukamirai,6,はるかみらい
237,BoA,boa,4,ぼあ
238,FOMARE,fomare,5,ふぉまれ
239,FRUITS ZIPPER,fruits-zipper,5,ふるーつじっぱー
240,BEGIN,begin,3,びぎん
241,フランク永井,furanku-nagai,6,ふらんくながい
242,BE:FIRST,befirst,10,びーふぁーすと
243,BUCK-TICK,buck-tick,5,ばくちく
244,広瀬香美,hirose-kohmi,5,ひろせこうみ
247,松任谷由実,matsutouya-yumi,17,まつとうやゆみ
248,水樹奈々,mizuki-nana,21,みずきなな
249,MY FIRST STORY,my-first-story,29,まいふぁーすとすとーりー
250,松本梨香,matsumoto-rika,16,まつもとりか
252,槇原敬之,makihara-noriyuki,10,まきはらのりゆき
253,mao,mao,9,まお
254,MONGOL800,mongol800,12,もんごるはっぴゃく
256,miwa,miwa,22,みわ
258,美波,minami,8,みなみ
259,マルシィ,marcy,11,まるしぃ
260,MISIA,misia,7,みーしゃ
261,美川憲一,mikawa-kenichi,3,みかわけんいち
263,UNISON SQUARE GARDEN,unison-square-garden,28,ゆにぞんすくえあがーでん
264,ゆず,yuzu,30,ゆず
265,遊助,yusuke,14,ゆうすけ
266,山下智久,yamashita-tomohisa,12,やましたともひさ
269,yama,yama,5,やま
270,YUI,yui,11,ゆい
271,yonige,yonige,10,よにげ
272,夜のひと笑い,yoru-no-hitowarai,1,よるのひとわらい
273,ヤングスキニー,yangskinny,11,やんぐすきにー
274,吉幾三,yoshi-ikuzo,4,よしいくぞう
275,吉田拓郎,yoshida-takuro,3,よしだたくろう
276,山下達郎,yamashita-tatsuro,5,やましたたつろう
278,レベッカ,rebekka,16,れべっか
279,ロードオブメジャー,road-of-major,13,ろーどおぶめじゃー
280,L’Arc~en~Ciel,larc-en-ciel,49,らるくあんしえる
281,redballoon,redballoon,8,れっどばるーん
283,緑黄色社会,ryokuoushoku-shakai,18,りょくおうしょくしゃかい
284,レミオロメン,remioromen,14,れみおろめん
285,Rin音,rinne,7,りんね
286,reGretGirl,regretgirl,12,りぐれっとがーる
287,りりあ。,riria,2,りりあ
288,RIP SLYME,rip-slyme,4,りっぷすらいむ
289,WANIMA,wanima,25,わにま
290,wacci,wacci,20,わっち
291,和田光司,wada-kouji,10,わだこうじ
293,和ぬか,wanuka,9,わぬか
294,和田アキ子,wada-akiko,3,わだあきこ
296,adieu[上白石萌歌],adieu,1,あでゅー
301,SiM,sim,2,しむ
304,Mirage Collective,mirage-collective,1,みらーじゅこれくてぃぶ
305,ピノキオピー,pinokiopi,1,ぴのきおぴー
317,ねぐせ。,neguse,7,ねぐせ
321,シユイ,shiyui,1,しゆい
323,HANA,hana,4,はな
326,理芽,rime,1,りめ
328,LUNA SEA,luna-sea,3,るなしー
334,ブランデー戦記,burandesenki,1,ぶらんでーせんき
336,シュヴァルグラン(CV.夏吉ゆうこ),schwarz-gran,1,しゅばるぐらん
337,米米CLUB,komekomekurabu,1,こめこめくらぶ
339,青山吉能,aoyamayoshino,4,あおやまよしの
341,Benson Boone,benson-boone,1,べんそんぼおね
342,TREASURE,treasure,1,とれじゃー
343,L’Arc-en-Ciel,larc-en-ciel-2,0,らるくあんしえる
344,ぬゆり,nuyuri,1,ぬゆり
347,POSSIBILITY,possibility,1,ぽっしびりてぃ
349,TOMOO,tomoo,2,ともお
351,Tele,tele,1,てれ
353,ロクデナシ,rokudenashi,3,ろくでなし
358,Sound Schedule,sound-schedule,1,さうんどすけじゅーる
360,ちゃんみな,chanmina,4,ちゃんみな
361,離婚伝説,rikondensetsu,3,りこんでんせつ
366,千石撫子(花澤香菜),sengoku-nadeko,1,せんごくなでこ
369,ラブリーサマーちゃん,raburisamachan,1,らぶりーさまーちゃん
371,めいちゃん,meichan,1,めいちゃん
373,フジファブリック,fujifaburikku,4,ふじふぁぶりっく
378,Aooo,aooo,2,あおおお
380,AiScReam,aiscream,1,あいすくりーむ
383,Chevon,chevon,4,しぇぼん
384,樋口了一,higuchiryouichi,1,ひぐちりょういち
390,松たか子,matsutakako,1,まつたかこ
391,DeNeel,deneel,1,でにーる
398,星街すいせい,hoshimachisuisei,6,ほしまちすいせい
404,坂本真綾,sakamotomaaya,1,さかもとまあや
407,時速36km,jisokusanjuurokkiro,1,じそくさんじゅうろっきろ
410,NICO Touches the Walls,nico-touches-the-walls,6,にこたっちずざうぉーるず
412,LE SSERAFIM,le-sserafim,3,るせらふぃむ
415,スーパーラバーズ,suparabazu,1,すーぱーらばーず
417,セカンドバッカー,sekandobakka,1,せかんどばっかー
419,ゴスペラーズ,gosuperazu,2,ごすぺらーず
420,HALVES,halves,1,はーぶす
423,Mega Shinnosuke,mega-shinnosuke,2,めがしんのすけ
427,リーガルリリー,rigaruriri,1,りーがるりりー
429,ZIGGY,ziggy,1,じぎー
435,Prague,prague,1,ぷらーぐ
436,HUNTR/X,huntr-x,1,はんたーはんたー
440,松田聖子,matsudaseiko,1,まつだせいこ
443,"米津玄師, 宇多田ヒカル",yonezu-kenshi-utada-hikaru,1,よねづけんしうただひかる
444,milet,milet,5,みれい
445,"Wake Up, Girls!",wake-up-girls,1,うぇいくあっぷがーるず
446,キタニタツヤ×なとり,kitanitatsuya-natori,1,きたにたつや
447,森田公一とトップギャラン,moritakouichitotoppugyaran,1,もりたこういちととっぷぎゃらん
450,松浦航大,matsuurakoudai,1,まつうらこうだい
452,SHISHAMO,shishamo,3,ししゃも
455,ハンバートハンバート,hanbatohanbato,1,はんばーとはんばーと
457,なきそ,nakiso,1,なきそ
458,Every Little Thing,every-little-thing,3,えぶりりとるしんぐ
462,Maverick Mom,maverick-mom,1,まべりっくまむ
464,ELLEGARDEN,ellegarden,9,えるれがーでん
469,Aerosmith,aerosmith,1,えあろすみす
473,イクマあきら,ikumaakira,1,いくまあきら
476,乃紫,nomurasaki,3,のむらさき
480,10-FEET,10-feet,4,てんふぃーと
483,BLUE ENCOUNT,blue-encount,9,ぶるーえんかうんと
490,9mm Parabellum Bullet,9mm-parabellum-bullet,2,きゅーみりぱらべらむばれっと
496,AKB48,akb48,2,えーけーびーふぉーてぃーえいと
502,奥井亜紀,okuiaki,1,おくいあき
504,DIR EN GREY,dir-en-grey,4,でぃるあんぐれい
506,NoisyCell,noisycell,1,のいじーせる
508,MAKE-UP,make-up,1,めいくあっぷ
512,超学生,chougakusei,1,ちょうがくせい
524,ACE COLLECTION,ace-collection,1,えーすこれくしょん
525,アイナ・ジ・エンド,ainajiendo,2,あいなじえんど
526,SUPER BEAVER,super-beaver,8,すーぱーびーばー
527,luv,luv,1,らぶ
529,Hi-STANDARD,hi-standard,2,はいすたんだーど
532,ハンブレッダーズ,hanbureddazu,4,はんぶれっだーず
540,宮本浩次,miyamotohiroji,6,みやもとひろじ
543,never young beach,never-young-beach,1,ねばーやんぐびーち
544,≠ME,not-equal-me,1,のっといこーるみー
548,TM NETWORK,tm-network,3,てぃーえむねっとわーく
551,HIMEHINA,himehina,1,ひめひな
552,a flood of circle,a-flood-of-circle,1,あふらっどおぶさーくる
553,ナナヲアカリ,nanawoakari,3,ななをあかり
563,asmi,asmi,1,あすみ
564,MAISONdes,maisondes,3,めぞんで
571,平井大,hiraidai,5,ひらいだい
575,もんた&ブラザーズ,monta-and-brothers,1,もんた
577,muque,muque,1,みゅーく
578,久保田利伸 with NAOMI CAMPBELL,kubota-toshinobu-with-naomi-campbell,1,くぼたとしのぶうぃずなおみきゃんべる
581,弌誠,issei,2,いっせい
584,bokula.,bokula.,1,ぼくら
588,初星学園,hatsuboshigakuen,1,はつぼしがくえん
590,DECO*27,deco-27,3,でこにーな
595,トゲナシトゲアリ,togenashitogeari,3,とげなしとげあり
601,jo0ji,jo0ji,1,じょーじ
602,宝鐘マリン,houshou-marine,1,ほうしょうまりん
605,シンガーズハイ,shingazuhai,4,しんがーずはい
615,神が残した夢を喰う。,kamiganokoshitayumewokuu,1,かみがのこしたゆめをくう
633,ナオト・インティライミ,naotointiraimi,1,なおといんてぃらいみ
636,CHEMISTRY,chemistry,2,けみすとりー
637,M!LK,milk,1,みるく
638,GACKT,gackt,8,がくと
639,CHAGE and ASKA,chage-and-aska,5,ちゃげあんどあすか
644,ヘッドフォンの中の世界,heddofonnonakanosekai,1,へっどふぉんのなかのせかい
647,オフコース,ofukosu,2,おふこーす
662,ナイトメア,naitomea,1,ないとめあ
663,マリア・ディーゼル,mariadizeru,1,まりあでぃーぜる
666,First Place,first-place,1,ふぁーすとぷれいす
668,ポルカドットスティングレイ,porukadottosutingurei,3,ぽるかどっとすてぃんぐれい
673,結束バンド,kessokubando,19,けっそくばんど
683,桜坂46,sakurazakafotishikkusu,1,さくらざかふぉーてぃーしっくす
684,欅坂46,keyakizakafotishikkusu,3,けやきざかふぉーてぃーしっくす
687,ROSÉ & Bruno Mars,rose-and-bruno-mars,1,ろぜあんどぶるーのまーず
688,桜高軽音部,oukou-keiongaku,3,ほうかごてぃーたいむ
693,マキシマム ザ ホルモン,makishimamuzahorumon,1,まきしまむ ざ ほるもん
699,森山直太朗,moriyamanaotarou,1,もりやまなおたろう
700,大泉洋,ooizumihiroshi,1,おおいずみひろし
702,チューリップ,churippu,2,ちゅーりっぷ
703,平井堅[カバー],hirai-ken-cover,1,ひらいけんかばー
715,チェッカーズ,chekkazu,2,ちぇっかーず
729,空音,sorane,1,そらね
732,P丸様。,p-maru-sama,2,ぴーまるさま
741,篠原涼子,shinohararyouko,1,しのはらりょうこ
742,Conton Candy,conton-candy,3,こんとんきゃんでぃ
745,SHOW-YA,show-ya,1,しょうや
746,上白石萌音,kamishiraishi-mone,3,かみしらいしもね
750,KEYTALK,keytalk,2,きーとーく
757,焚吐×みやかわくん,takutomiyakawakun,1,たくとみやかわくん
760,WANDS,wands,6,わんず
762,JUDY AND MARY,judy-and-mary,3,じゅでぃあんどまりー
768,感覚ピエロ,kankakupiero,1,かんかくぴえろ
770,上白石萌歌,kamishiraishi-moka,2,かみしらいしもか
772,やみのおねえさん,yaminooneesan,1,やみのおねえさん
773,GO!GO!7188,go-go-7188,1,ごーごーなないちはちはち
781,BLANKEY JET CITY,blankey-jet-city,1,ぶらんきーじぇっとしてぃ
787,the pillows,the-pillows,4,ざぴろうず
788,ナユタン星人,nayutan-seijin,1,はつねみく
790,なるみや,narumiya,1,なるみや
792,内田雄馬,uchidaouma,1,うちだおうま
796,Wurts,wurts,3,わーつ
806,Avril Lavigne,avril-lavigne,1,あぶりるらびーん
807,Ray,ray,1,れい
809,meiyo,meiyo,2,めいよ
814,LOOK,look,1,るっく
818,ViViD,vivid,2,びびっど
821,佐々木恵梨,sasakieri,2,ささきえり
824,BAD HOP,bad-hop,1,ばっどほっぷ
826,柊マグネタイト,hiiragimagunetaito,1,ひいらぎまぐねたいと
827,serial TV drama,serial-tv-drama,1,しりあるてれびどらま
830,音田雅則,ondamasanori,2,おんだまさのり
840,H2O,h2o,1,えいちつーおー
844,馬渡松子,mawatarimatsuko,2,まわたりまつこ
848,中山美穂＆WANDS,nakayama-miho-and-wands,1,なかやまみほうぃずわんず
855,NARI,nari,1,なり
856,冨岡愛,tomiokaai,1,とみおかあい
859,BRAHMAN,brahman,1,ぶらふまん
862,natsumi,natsumi,1,なつみ
864,三浦大知,miuradaichi,3,みうらだいち
871,coldrain,coldrain,2,こーるどれいん
875,syudou,syudou,1,しゅどう
880,由薫,yuuka,1,ゆうか
884,BAND-MAID,band-maid,1,ばんどめいど
887,millennium parade × 椎名林檎,millennium-parade-shiina-ringo,1,みれにあむぱれーどしいなりんご
891,打首獄門同好会,uchikubigokumondoukoukai,1,うちくびごくもんどうこうかい
892,羊文学,hitsujibungaku,5,ひつじぶんがく
895,HEY-SMITH,hey-smith,3,へいすみす
896,しぐれうい,shigureui,1,しぐれうい
897,中村 中,nakamuranaka,1,なかむら なか
903,ももいろクローバーZ,momoiro-clover-z,1,ももいろくろーばーぜっと
914,音羽-otoha-,otoha,1,おとは
916,ブルーノ・マーズ[Bruno Mars],bruno-mars,2,ぶるーのまーず
922,サイダーガール,saidagaru,3,さいだーがーる
924,ヤバイTシャツ屋さん,yabai-t-shirts-yasan,12,やばいてぃーしゃつやさん
926,175R,175r,1,いなごらいだー
929,赤い公園,akaikouen,1,あかいこうえん
938,ウルフルズ,urufuruzu,3,うるふるず
942,milet×MAN WITH A MISSION,milet-man-with-a-mission,1,みれいまんうぃずあみっしょん
943,THE ALFEE,the-alfee,1,あるふぃー
946,Hakubi,hakubi,1,はくび
948,ハチ,hachi,1,はち
952,THE RAMPAGE from EXILE TRIBE,the-rampage-from-exile-tribe,3,ざらんぺーじ
955,じん[自然の敵P],jin,1,じん
958,THE ORAL CIGARETTES,the-oral-cigarettes,10,おーらるしがれっつ
961,Creepy Nuts×Ayase×幾田りら,creepy-nuts-ayase-ikuta-rira,1,くりーぴーなっつ
967,Liyuu,liyuu,1,りーゆう
970,小柳ゆき,oyanagiyuki,1,おやなぎゆき
971,ツミキ,tsumiki,1,つみき
975,SINGER SONGER,singer-songer,1,しんがーそんがー
985,Oasis,oasis,2,おあしす
987,chelmico,chelmico,1,ちぇるみこ
988,BOØWY,boowy,2,ぼうい
997,JO1,jo1,1,じぇーおーわん
998,go!go!vanillas,go-go-vanillas,3,ごーごーばにらず
1003,どうぶつビスケッツ×PPP,doubutsu-biscuits-ppp,1,どうぶつびすけっつ
1005,Michael Jackson,michael-jackson,1,まいけるじゃくそん
1009,Cocco,cocco,1,こっこ
1010,ZARD,zard,1,ざーど
1014,Survive Said The Prophet,survive-said-the-prophet,2,さばいぶせっどざぷろふぇっと
1016,the peggies,the-peggies,1,ざぺぎーず
1030,Mr.FanTastiC,mrfantastic,1,みすたーふぁんたすてぃっく
1034,岡野昭仁×井口理,okano-akihito-iguchi-satoru,1,おかのあきひと
1035,day after tomorrow,day-after-tomorrow,1,でいあふたーとぅもろー
1041,Mr.ふぉるて,mr-forte,1,みすたーふぉるて
1042,きゃない,kyanai,1,きゃない
1043,んだほ & ぺけたん from Fischer’s,ndaho-and-peketan,1,んだほ
1045,日食なつこ,nisshokunatsuko,1,にっしょくなつこ
1048,中森明菜,nakamoriakina,2,なかもりあきな
1052,BREAKERZ,breakerz,1,ぶれいかーず
1054,キリンジ,kirinji,1,きりんじ
1056,スピラ・スピカ,supirasupika,2,すぴらすぴか
1066,THE HIGH-LOWS[ザ・ハイロウズ],the-high-lows,2,ざはいろうず
1069,島谷ひとみ,shimatanihitomi,1,しまたにひとみ
1072,FIELD OF VIEW,field-of-view,1,ふぃーるどおぶびゅー
1085,かいりきベア,kairikibea,1,かいりきべあ
1086,C&K,c-and-k,18,しーあんどけー
1093,花譜,kafu,1,かふ
1096,藍井エイル,aiieiru,2,あいいえいる
1097,華原朋美,kaharatomomi,1,かはらともみ
1105,井上あずみ,inoueazumi,2,いのうえあずみ
1107,The Beatles[ビートルズ],the-beatles,1,びーとるず
1109,東京スカパラダイスオーケストラ,toukyousukaparadaisuokesutora,5,とうきょうすかぱらだいすおーけすとら
1110,Hump Back,hump-back,4,はんぷばっく
1114,HIKAKIN & SEIKIN,hikakin-and-seikin,2,ひかきんあんどせいきん
1117,FantasticYouth,fantasticyouth,1,ふぁんたすてぃっくゆーす
1124,FLOW,flow,3,ふろう
1127,さとうもか,satoumoka,1,さとうもか
1131,長澤知之,nagasawatomoyuki,1,ながさわともゆき
1132,THE BEAT GARDEN,the-beat-garden,2,ざびーとがーでん
1139,みきとP [使用ボカロ:GUMI],mikito-p,1,みきとぴー
1140,ズーカラデル,zukaraderu,2,ずーからでる
1145,川本真琴,kawamotomakoto,1,かわもとまこと
1168,OxT,oxt,1,おくとい
1172,SOUL’d OUT,sourudoauto,1,そうるどあうと
1175,KOH+,koh-plus,1,こーぷらす
1176,THE ROOTLESS,the-rootless,1,ざるーとれす
1182,PEOPLE 1,people-1,4,ぴーぷるわん
1188,Nozomi Kitay & GAL D,nozomi-kitay-and-gal-d,1,きたやのぞみあんどぎゃるでぃー
1191,PUFFY,puffy,2,ぱふぃー
1198,きただにひろし,kitadanihiroshi,3,きただにひろし
1200,安全地帯,anzenchitai,1,あんぜんちたい
1204,岩崎良美,iwasakiyoshimi,1,いわさきよしみ
1211,HoneyWorks,honeyworks,1,はにーわーくす
1214,Dragon Ash,dragon-ash,2,どらごんあした
1216,imase,imase,3,いませ
1224,Ed Sheeran[エド・シーラン],ed-sheeran,1,えどしーらん
1226,鬼頭明里,kitouakari,1,きとうあかり
1228,KIRINJI[キリンジ],kirinji-2,1,きりんじ
1230,東京初期衝動,toukyoushokishoudou,1,とうきょうしょきしょうどう
1232,ARuFa,arufa,1,あるふぁ
1233,THE SUPER FRUIT,the-super-fruit,1,ざすーぱーふるーつ
1235,辛島美登里,karashimamidori,1,からしまみどり
1239,カネコアヤノ,kanekoayano,2,かねこあやの
1248,アンジュルム,anjurumu,1,あんじゅるむ
1249,MY FIRST STORY × HYDE,my-first-story-hyde,2,まいふぁーすとすとーりーはいど
1251,HYDE,hyde,1,はいど
1253,ざらめ,zarame,1,ざらめ
1254,大漠波新,taibakunamishin,1,たいばくなみしん
1263,魔王魂,maoutamashii,1,まおうたましい
1276,GALNERYUS,galneryus,1,がるねりうす
1278,ランカ・リー＝中島愛,ranka-lee-nakajima-megumi,1,らんかりーなかじまめぐみ
1281,ストレイテナー,sutoreitena,1,すとれいてなー
1282,鈴木鈴木,suzukisuzuki,1,すずきすずき
1289,とた,tota,1,とた
1290,TUBE,tube,3,ちゅーぶ
1293,オーイシマサヨシ,oishimasayoshi,2,おーいしまさよし
1297,音虎とErii,netora-and-erii,1,ねとらとえりい
1299,GEMN,gemn,1,じぇむ
1308,友成空,tomonarisora,2,ともなりそら
1309,関ゆみ子[有馬ゆみこ],seki-yumiko,1,せきゆみこ
1311,mihimaru GT,mihimaru-gt,1,みひまるじーてぃー
1312,舟津真翔,funatsumanato,1,ふなつまなと
1313,BACK-ON×FLOW,back-on-flow,1,ばっくおんふろう
1314,back numberと秦 基博と小林武史,back-number-hata-motohiro-kobayashi-takeshi,1,ばっくなんばーはたもとひろこばやしたけし
1315,倉橋ヨエコ【ヨエコ】,kurahashi-yoeko,1,よえこ
1316,東京事変,toukyoujihen,3,とうきょうじへん
1325,シャイトープ,shaitopu,2,しゃいとーぷ
1329,Janne Da Arc,janne-da-arc,7,じゃんぬだあるく
1332,榎本くるみ,enomotokurumi,1,えのもとくるみ
1334,獅子志司,shishishishi,1,ししこころざしつかさ
1339,ACIDMAN,acidman,1,あしっどまん
1348,GARNET CROW,garnet-crow,5,がーねっとくろう
1351,藤井フミヤ,fujiifumiya,1,ふじいふみや
1355,PENGUIN RESEARCH,penguin-research,3,ぺんぎんりさーち
1364,クボタカイ,kubotakai,1,くぼたかい
1371,キンモクセイ,kinmokusei,3,きんもくせい
1373,andymori,andymori,4,あんでぃもり
1378,ときのそら,tokinosora,1,ときのそら
1384,サバシスター,sabashisuta,1,さばしすたー
1386,Rhythmic Toy World,rhythmic-toy-world,1,りずみっくといわーるど
1396,粗品,soshina,2,そしな
1400,halyosy,halyosy,1,はりーおしー
1410,須田景凪[バルーン],suda-keinagi-balloon,3,ばるーん
1412,夜の本気ダンス,yorunohonkidansu,1,よるのほんきだんす
1413,反町隆史,sorimachitakashi,1,そりまちたかし
1417,日向坂46,hinatazakafotishikkusu,1,ひなたざかふぉーてぃーしっくす
1420,JAY’ED,jayed,1,じぇいど
1424,泣き虫☔︎,nakimushi,1,なきむし
1425,L⇔R,l-r,1,えるあーる
1434,西川貴教 with t.komuro,nishikawa-takanori-with-t-komuro,1,にしかわたかのり
1435,T.M.Revolution,tmrevolution,3,てぃーえむれぼりゅーしょん
1438,こはならむ,kohanaramu,1,こはならむ
1439,KERENMI,kerenmi,2,けれんみ
1441,BURNOUT SYNDROMES,burnout-syndromes,2,ばーんあうとしんどろーむ
1442,吉田夜世,yoshidayoruyo,1,よしだよるよ
1448,fhána,fhana,2,ふぁな
1452,どぶろっく,doburokku,1,どぶろっく
1461,−真天地開闢集団−ジグザグ,zigzag-2,3,じぐざぐ
1470,トンボコープ,tonbokopu,1,とんぼこーぷ
1473,高橋洋樹,takahashihiroki,1,たかはしひろき
1474,橋本潮,hashimotoshio,1,はしもとしお
1478,SICK HACK,sick-hack,1,しっくはっく
1481,工藤静香,kudoushizuka,2,くどうしずか
1483,Chilli Beans.,chilli-beans,2,ちりびーんず
1498,松山千春,matsuyamachiharu,1,まつやまちはる
1501,Syrup 16g,syrup-16g,1,しろっぷじゅうろくぐらむ
1502,LINDBERG,lindberg,1,りんどばーぐ
1504,原口沙輔,haraguchisasuke,1,はらぐちさすけ
1505,1986オメガトライブ,1986-omega-tribe,1,おめがとらいぶ
1506,ユアネス,yuanesu,1,ゆあねす
1518,米津玄師【ハチ】,yonezu-kenshi-hachi,1,はち
1519,米津玄師ver.【ハチ】,yonezu-kenshi-ver-hachi,1,はち
1528,凛として時雨,rintoshiteshigure,3,りんとしてしぐれ
1531,さかいゆう,sakaiyuu,1,さかいゆう
1536,After the Rain,after-the-rain,2,あふたーざれい
1540,LIP×LIP,lip-lip,1,りっぷりっぷ
1545,Bialystocks,bialystocks,2,びありすとっくす
1551,Nissy(西島隆弘),nissy,3,にっしー
1554,The Weeknd,the-weeknd,1,ざうぃーけんど
1557,JITTERIN’JINN,jitterin-jinn,2,じったりんじん
1562,木山裕策,kiyamayuusaku,1,きやまゆうさく
1568,Siip,siip,2,しーぷ
1571,703号室,703-goushitsu,1,ななまるさんごうしつ
1575,岡本真夜,okamotomayo,1,おかもとまよ
1576,SG,sg,1,えすぐ
1586,PK shampoo,pk-shampoo,1,ぴーけーしゃんぷー
1596,SOMETIME’S,sometimes,1,さむたいむず
1599,リュックと添い寝ごはん,ryukkutosoinegohan,1,りゅっくとそいねごはん
1608,氣志團,kishidan,1,きしだん
1612,Måneskin,maneskin,1,まねきん
1613,モーニング娘。,moningumusume,1,もーにんぐむすめ
1615,sana,sana,1,さな
1618,H Jungle with t,h-jungle-with-t,1,えいちじゃんぐるうぃずてぃー
1624,レジスタンス,rejisutansu,1,れじすたんす
1629,35.7,35.7,1,さんじゅうごてんなな
1634,月詠み,tsukuyomi,1,つくよみ
1637,This is LAST,this-is-last,2,でぃすいずらすと
1639,Kroi,kroi,1,くろい
1643,LIP×LIP(勇次郎・愛蔵/CV:内山昂輝・島崎信長),lip-lip-2,1,りっぷりっぷ
1645,シグナルP[Dios],signal-p,1,しぐなるぴー
1647,Non Stop Rabbit,non-stop-rabbit,1,のんすとっぷらびっと
1667,ラッツ&スター,rats-and-star,1,らっつあんどすたー
1675,Amber’s,ambers,1,あんばーず
1677,神聖かまってちゃん,shinseikamattechan,1,しんせいかまってちゃん
1684,n-bunaセルフカバー,n-buna,1,なぶな
1686,大黒摩季,ooguromaki,1,おおぐろまき
1687,T-Pistonz+KMC,t-pistonz-kmc,1,てぃーぴすとんずけーえむしー
1693,スターダストレビュー,sutadasutorebyu,2,すたーだすとれびゅー
1695,LONGMAN,longman,1,ろんぐまん
1698,SIX LOUNGE,six-lounge,2,しっくすらうんじ
1706,JAM Project,jam-project,1,じゃむぷろじぇくと
1707,岡野昭仁,okanoakihito,1,おかのあきひと
1709,Reol,reol,4,れをる
1711,ASKA,aska,1,あすか
1713,w.o.d.,w.o.d.,1,だぶりゅーおーでぃー
1715,KOTORI,kotori,1,ことり
1716,TOM★CAT,tom-cat,1,とむきゃっと
1726,PENICILLIN,penicillin,1,ぺにしりん
1727,ゆこぴ,yukopi,2,ゆこぴ
1729,布袋寅泰,hoteitomoyasu,1,ほていともやす
1730,ゲスの極み乙女,gesuno-kiwami-otome,27,げすのきわみおとめ
1733,大滝詠一,ootakieiichi,2,おおたきえいいち
1737,ハマいく[濱家隆一(かまいたち)],hamaiku,1,はまいく
1740,早見沙織,hayamisaori,2,はやみさおり
1742,BAAD,baad,1,ばーど
1743,(sic)boy,sic,1,しっく
1745,崎山蒼志,sakiyamasoushi,2,さきやまそうし
1749,奥田民生,okudatamio,1,おくだたみお
1752,KUZIRA,kuzira,1,くじら
1759,プリンセス プリンセス,princess-princess,2,ぷりんせす ぷりんせす
1763,平畑徹也,hirahatatetsuya,1,ひらはたてつや
1766,LiSA×Uru,lisa-uru,1,りさ
1781,チャットモンチー,chattomonchi,2,ちゃっともんちー
1792,チョーキューメイ,chokyumei,1,ちょーきゅーめい
1797,Harry Styles,harry-styles,1,はりーすたいるず
1808,たかやん,takayan,1,たかやん
1811,THEE MICHELLE GUN ELEPHANT,thee-michelle-gun-elephant,1,ぜみっしぇるがんえれふぁんと
1814,nobodyknows+,nobodyknows,1,のーばでぃのーず
1815,NEE,nee,2,ねえ
1820,稲葉浩志,inabakoushi,1,いなばこうし
1821,SURFACE,surface,1,さーふぇす
1827,パスピエ,pasupie,1,ぱすぴえ
1828,Orangestar,orangestar,2,おれんじすたー
1831,millennium parade,millennium-parade,1,みれにあむぱれーど
1832,millennium parade×Belle,millennium-parade-belle,1,みれにあむぱれーどべる
1833,Kanaria,kanaria,2,かなりあ
1835,GUMI[Kanaria],gumi-kanaria,1,かなありあ
1838,ReoNa,reona,2,れおな
1842,ナンバーガール,nanbagaru,1,なんばーがーる
1848,MAN WITH A MISSION×milet,man-with-a-mission-milet,1,まんうぃずあみっしょん
1850,いよわ feat.可不,iyowa,1,いよわ
1852,鬼束ちひろ,onitsukachihiro,2,おにつかちひろ
1854,Liella!,liella,2,りえら
1856,AliA,alia,1,ありあ
1861,布施明,fuseakira,1,ふせあきら
1862,Stray Kids,stray-kids,1,すどれいきっず
1868,新しい学校のリーダーズ,atarashiigakkounoridazu,1,あたらしいがっこうのりーだーず
1873,Base Ball Bear,base-ball-bear,1,べーすぼーるべあー
1875,スガシカオ,sugashikao,1,すがしかお
1877,Omoi,omoi,1,おもい
1879,百足＆韻マン,mukade-and-inman,1,むかで
1881,AI,ai,1,あい
1889,ゴダイゴ,godaigo,1,ごだいご
1890,岡崎体育,okazakitaiiku,1,おかざきたいいく
1892,My Little Lover,my-little-lover,2,まいりとるらばー
1893,マルーン5[Maroon 5],maroon-5,1,まるーんふぁいぶ
1906,相川七瀬,aikawananase,1,あいかわななせ
1909,YOAKE,yoake,1,よあけ
1911,浜田省吾,hamadashougo,1,はまだしょうご
1913,μ’s,muse,1,みゅーず
1916,幾田りら[YOASOBI],ikuta-rira,1,いくたりら
1917,milet×Aimer×幾田りら,milet-aimer-ikuta-rira,1,みれい
1924,UNICORN[ユニコーン],unicorn,1,ゆにこーん
1925,Wham![ワム!],wham,1,わむ
1926,蝶々P,chouchoupi,1,ちょうちょうぴー
1937,FUNKY MONKEY BΛBY’S,funky-monkey-babys-2,0,ふぁんきーもんきーべいびーず
1939,きゃりーぱみゅぱみゅ,kyaripamyupamyu,1,きゃりーぱみゅぱみゅ
1945,テイラー・スウィフト,taylor-swift,3,ていらーすうぃふと
1946,Ed Sheeran & Justin Bieber,ed-sheeran-and-justin-bieber,1,えどしーらん
1955,初音ミク[DECO*27],hatsune-miku-deco27,2,はつねみく
1958,中田ヤスタカ,nakata-yasutaka,1,なかだやすたか
1971,夏代孝明,natsuyotakaaki,3,なつよたかあき
1973,初音ミク[みきとP],hatsune-miku-mikito-p,1,はつねみく
1974,鏡音リン・みきとP,kagamine-rin-mikito-p,1,かがみねりん
1978,フラワーカンパニーズ,furawakanpanizu,1,ふらわーかんぱにーず
1979,DaizyStripper,daizystripper,1,でいじーすとりっぱー
1985,Foorin,foorin,1,ふーりん
1986,リリィ、さよなら。,lily-sayonara,1,りりぃさよなら
1987,Lia,lia,1,りあ
1988,アリス九號.,alice-nine,1,ありすきゅうごう
1990,スカート,sukato,1,すかーと
1995,初音ミク [ピノキオピー],hatsune-miku-pinokio-p,1,ぴのきおぴー
2001,かいりきベア feat.初音ミク,kairiki-bear-hatsune-miku,1,かいりきべあ
2011,ヒトリエ,hitorie,1,ひとりえ
2023,大橋卓弥[スキマスイッチ],ohashi-takuya,1,すきますいっち
2029,Creepy Nuts × 菅田将暉,creepy-nuts-suda-masaki,1,くりーぴーなっつ
2037,Cö shu Nie,co-shu-nie,4,こしゅにえ
2047,松任谷由実[荒井由実],matsutouya-yumi-arai-yumi,1,まつとうやゆみ
2059,ヒグチアイ,higuchiai,1,ひぐちあい
2060,大橋ちっぽけ,oohashichippoke,1,おおはしちっぽけ
2065,halca,halca,1,はるか
2069,Ayase[YOASOBI],ayase-yoasobi,1,あやせ
2072,cinema staff,cinema-staff,1,しねますたっふ
2077,乃木坂46,nogizakafotishikkusu,4,のぎざかふぉーてぃーしっくす
2079,Sentimental boys,sentimental-boys,1,せんてぃめんたるぼーいず
2082,SHE’S,shes,4,しーず
2091,AKINO from bless4,akino-from-bless4,1,あきのふろむぶれすふぉー
2105,"Lanndo feat.Eve,suis(from ヨルシカ)",lanndo,1,らんど
2110,BiSH,bish,3,びっしゅ
2118,SIAM SHADE,siam-shade,1,しゃむしぇいど
2124,kobore,kobore,1,こぼれ
2134,TERRASPEX,terraspex,1,てらすぺっくす
2144,河村隆一,kawamura-ryuichi,1,かわむらりゅういち
2150,LEGO BIG MORL,lego-big-morl,1,れごびっぐもーる
2164,The Songbards,the-songbards,1,ざそんぐばーず
2166,森七菜,morinana,3,もりなな
2170,the brilliant green,the-brilliant-green,1,ざぶりりあんとぐりーん
2176,Linked Horizon,linked-horizon,1,りんくどほらいぞん
2179,MAN WITH A MISSION,man-with-a-mission,3,まんうぃずあみっしょん
2184,SEVENTHLINKS feat. flower,seventhlinks,1,せぶんすりんくすふぃーちゃりんぐふらわー
2185,宮本浩次 × 櫻井和寿 organized by ap bank,miyamoto-hiroji-sakurai-kazutoshi,1,みやもとひろじ
2187,Sou,sou,1,そう
2204,『ユイカ』,yuika,1,ゆいか
2206,Who-ya Extended,who-ya-extended,2,ふーやえくすてんでっど
2213,初音ミク[n-buna],hatsune-miku-n-buna,1,はつねみく
2220,小松未歩,komatsumiho,1,こまつみほ
2230,Aqours,aqours,1,あくあ
2235,ミテイノハナシ,miteinohanashi,1,みていのはなし
2238,つじあやの,tsujiayano,1,つじあやの
2252,テレサ・テン,teresaten,1,てれさてん
2259,HIMARI feat. せいや,himari,1,ひまり
2265,ウソツキ,usotsuki,1,うそつき
2275,南條愛乃,nanjouaino,1,なんじょうあいの
2276,XIIX,xiix,1,てんてぃー
2284,YEN TOWN BAND,yen-town-band,1,いぇんたうんばんど
2290,ANTENA,antena,1,あんてな
2293,柊キライ feat.flower,hiiragi-kirai,1,ひいらぎきらい
2294,変態紳士クラブ,hentaishinshikurabu,1,へんたいしんしくらぶ
2308,ザ・クロマニヨンズ,kuromaniyonzu,1,くろまによんず
2340,音速ライン,onsokurain,1,おんそくらいん
2341,DAOKO×米津玄師,daoko-yonezu-kenshi,1,だをこ
2342,Perfume,perfume,1,ぱふゅーむ
2356,山崎まさよし,yamazakimasayoshi,1,やまざきまさよし
2377,小沢健二,ozawakenji,1,おざわけんじ
2395,サニーデイ・サービス,sunny-day-service,1,さにーでいさーびす
2401,Fischer’s[フィッシャーズ],fischers,1,ふぃっしゃーず
2410,米津玄師ソロver.,yonezu-kenshi-solo-ver,1,よねづけんし
2418,SOLIDEMO,solidemo,1,そりでぃーも
2424,浦島太郎(桐谷健太),urashimataro,1,うらしまたろう
2427,イナメトオル【40mP】,inametoru,2,いなめとおる
2436,三月のパンタシア,sangatsunopantashia,1,さんがつのぱんたしあ
2441,OKAMOTO’S,okamotos,1,おかもとず
2445,GRANRODEO,granrodeo,2,ぐらんろでお
2451,COLOR CREATION,color-creation,1,からーくりえーしょん
2458,The GazettE,the-gazette,1,ざがぜっと
2461,さユり×MY FIRST STORY,sayuri-my-first-story,1,さゆり
2462,GLIM SPANKY,glim-spanky,1,ぐりむすぱんきー
2475,キズ,kizu,1,きず
2478,fripSide,fripside,7,ふりっぷさいど
2494,MUCC,mucc,1,むっく
2511,イディナ・メンゼル,idina-menzel,1,いでぃなめんぜる
2520,THE SIXTH LIE,the-sixth-lie,1,ざしっくすらい
2521,King & Prince,king-and-prince,2,きんぐあんどぷりんす
2525,大柴広己,ooshibahiroki,1,おおしばひろき
2527,神田沙也加,kanda-sayaka,1,かんださやか
2541,初音ミク[黒うさP],hatsune-miku-kurousa-p,1,はつねみく
2549,椎名林檎と宮本浩次,shiina-ringo-miyamoto-hiroji,1,しいなりんごとみやもとこうじ
2554,初音ミク[カンザキイオリP],hatsune-miku-kanzaki-iori-p,1,はつねみく
2555,阿部真央,abemao,2,あべまお
2575,Billie Eilish[ビリー・アイリッシュ],billie-eilish,1,びりーあいりっしゅ
2586,ともさかりえ,tomosakarie,1,ともさかりえ
2589,iri,iri,1,いり
2600,雨宮天,amemiyaten,1,あめみやてん
2603,TAK MATSUMOTO featuring ZARD,tak-matsumoto-featuring-zard,1,まつもとたかひろふぃーちゃりんぐざーど
2605,長谷川白紙,hasegawahakushi,1,はせがわはくし
2613,PANDORA feat.Beverly,pandora-beverly,1,ぱんどらふぃーちゃりんぐびばりー
2615,くじら,kujira,1,くじら
2629,天月-あまつき-,amatsuki,1,あまつき
2633,vivid undress,vivid-undress,2,びびっどあんどれす
2635,陰陽座,inyouza,1,いんようざ
2637,TRUSTRICK,trustrick,1,とらすとりっく
2645,Queen,queen,1,くいーん
2651,ASCA,asca,1,あすか
2658,Little Glee Monster,little-glee-monster,1,りとるぐりーもんすたー
2663,ビッケブランカ,bikkeburanka,2,びっけぶらんか
2664,鈴木雅之,suzukimasayuki,1,すずきまさゆき
2675,菅田将暉×中村倫也,suda-masaki-nakamura-tomoya,1,すだまさき
2676,菅田将暉×石崎ひゅーい,suda-masaki-ishizaki-huwie,1,すだまさき
2679,童謡,douyou,1,どうよう
2681,THREE LIGHTS DOWN KINGS,three-lights-down-kings,1,さんらいつだうんきんぐす
2686,もさを。,mosawo,1,もさを
2687,Do As Infinity,do-as-infinity,1,どぅあずいんふぃにてぃ
2692,三浦春馬,miura-haruma,1,みうらはるま
2699,WEAVER,weaver,1,うぃーばー
2701,シン(阿部サダヲ),shin,1,しん
2704,FINLANDS,finlands,1,ふぃんらんず
2706,向井太一,mukai-taichi,1,むかいたいち
2707,mol-74,mol-74,1,もるななじゅうよん
2725,初音ミク[一二三],hatsune-miku-hifumi,1,はつねみく
2728,ウォルピスカーター,worupisukata,1,うぉるぴすかーたー
2729,東方神起,touhoushinki,1,とうほうしんき
2730,ファンキー加藤,fankikatou,1,ふぁんきーかとう
2731,折坂悠太,orisakayuuta,1,おりさかゆうた
2733,YuNi,yuni,1,ゆに
2735,麒麟・川島明,kirin-kawashima-akira,1,きりん
2736,氷川きよし,hikawakiyoshi,1,ひかわきよし
2737,SILENT SIREN,silent-siren,1,さいれんとさいれん
2746,平手友梨奈,hirate-yurina,1,ひらてゆりな
2752,涼宮ハルヒ[CV平野綾],suzumiya-haruhi,1,すずみやはるひ
2754,Kizuna AI,kizuna-ai,1,きずなあーい
2755,Eve × suis from ヨルシカ,eve-suis-from-yorushika,1,いぶ
2756,TAK MATSUMOTO,tak-matsumoto,1,まつもとたかひろ
2758,164 feat.GUMI,164-feat-gumi,1,いちろくよんふぃーちゃりんぐぐみ
2763,アルカラ,arukara,1,あるから
2777,UNCHAIN,unchain,1,うんちゃいん
2778,flower[Chinozo],flower-chinozo,1,ふらわー
2780,松崎ナオ,matsuzaki-nao,1,まつざきなお
2786,ALI,ali,1,あり
2789,初音ミク[ナユタン星人],hatsune-miku-nayutan-seijin,1,はつねみく
2795,あたらよ,atarayo,1,あたらよ
2797,原由子,harayuuko,1,はらゆうこ
2801,La’cryma Christi,lacryma-christi,1,らくりまくりすてぃ
2808,佐藤千亜妃,satou-chiaki,1,さとうちあき
2814,石川智晶,ishikawa-chiaki,1,いしかわちあき
2821,ネクライトーキー,nekuraitoki,1,ねくらいとーきー
2823,井上苑子,inouesonoko,1,いのうえそのこ
